    
<plugin name="t_box" url="%SWFPATH%/thumb/t_box.png" zorder="100" alpha="0.9" blendmode="NORMAL" align="bottom" edge="bottom" x="0" y="0" ox="0" oy="0" width="100%" height="58" refreshrate="" scale="1" smoothing="True" mask="" rotate="0" visible="True" enabled="True" capture="True" handcursor="True" keep="True" children="True" preload="False" scalechildren="False" autosize="none" background="False"/>
<plugin name="t_box_left" url="%SWFPATH%/thumb/mapleft.png" zorder="1000" alpha="1" blendmode="NORMAL" align="left" edge="left" x="0" y="0" ox="0" oy="0" width="" height="" refreshrate="" scale="1" smoothing="True" mask="" rotate="0" visible="True" enabled="True" capture="False" handcursor="True" keep="True" children="True" preload="False" Intro="" style="" effect="" parent="t_box" scalechildren="True" onhover="showtext('向左');" onclick="set(enabled,false);add(thedex,#width#,5);add(dst,get(plugin[tb_box_sc].x),thedex);tween(plugin[tb_box_sc].x,get(dst),0.3,easeInOutQuad,);set(enabled,true);" />
<plugin name="t_box_right" url="%SWFPATH%/thumb/mapright.png" zorder="1000" alpha="1" blendmode="NORMAL" align="right" edge="right" x="0" y="0" ox="0" oy="0" width="" height="" refreshrate="" scale="1" smoothing="True" mask="" rotate="0" visible="True" enabled="True" capture="False" handcursor="True" keep="True" children="True" preload="False" parent="t_box" scalechildren="True" onhover="showtext('向右');" onclick="set(enabled,false);add(thedex,#width#,5);sub(dst,get(plugin[tb_box_sc].x),thedex);tween(plugin[tb_box_sc].x,get(dst),0.3,easeInOutQuad,);set(enabled,true);"/>
<plugin name="tb_box_sc" url="%SWFPATH%/thumb/t_box.png" zorder="100" alpha="10" blendmode="NORMAL" align="left" edge="left" x="0" y="0" ox="0" oy="0" width="1" height="1" refreshrate="" scale="1" smoothing="True" mask="" rotate="0" visible="True" enabled="True" capture="False" handcursor="True" keep="True" children="True" preload="False" Intro="" style="" effect="" parent="t_box" scalechildren="False"/>
<plugin name="tb_select" url="" zorder="99" alpha="1" blendmode="NORMAL" align="left" edge="left" y="0" ox="0" oy="0" width="#width#" height="#height#" refreshrate="" scale="1" smoothing="True" mask="" rotate="0" visible="True" enabled="True" capture="False" handcursor="True" keep="True" children="True" preload="False" effect="glow(0x00FFFF,0.7,4,4)" onloaded="set(effect,glow(0xFFFFFF,0.8,4,4););" />

<action name="buildthumbs">                
        if(%1 != NEXT, add(plugin[t_box].height, #height#,6);set(i,0);set(m,0));
        if(i LT scene.count,
        if(scene[get(i)].thumburl != none,
        set(w,#width#);
        set(h,#height#);
        copy(thumb, scene[get(i)].thumburl);
        copy(scenetitle, scene[get(i)].scenetitle);
        txtadd(thumbname,"thumb_",get(i));
        addplugin(get(thumbname));
        set(plugin[get(thumbname)].url, get(thumb));
        set(plugin[get(thumbname)].scenename, get(scenetitle));
        set(plugin[get(thumbname)].keep, true);
        set(plugin[get(thumbname)].align, left);
        set(plugin[get(thumbname)].width,  get(w));
        set(plugin[get(thumbname)].height, get(h));
        set(plugin[get(thumbname)].parent, tb_box_sc);        
        set(plugin[get(thumbname)].y, 1);
        add(thedex,#width#,5);
        mul(plugin[get(thumbname)].x, m,thedex);
        add(plugin[get(thumbname)].x, plugin[get(thumbname)].x,30);
        set(plugin[get(thumbname)].zorder, 150);
        set(plugin[get(thumbname)].linkedscene, get(scene[get(i)].name) );
        set(plugin[get(thumbname)].onhover,showtext(get(scenename)););
        set(plugin[get(thumbname)].onover, set(effect,glow(0x00FFFF,0.7,4,4););set(alpha,1););
        set(plugin[get(thumbname)].onout, set(effect,);set(alpha,0.8););
        txtadd(clickdata,"loadscene(scene",get[i]);
        txtadd(clickdata,clickdata,", null, MERGE,BLEND(1.5));");
        set(plugin[get(thumbname)].linkedscene, get(scene[get(i)].name) );
        set(plugin[get(thumbname)].onclick, loadscene(get(linkedscene),null,MERGE,BLEND(1)););
        inc(m);
        );
        inc(i);
        buildthumbs(NEXT););
</action>
<action name="_setthumbs">
      sub(theid,%1,1);
       _show_tb(get(theid));
       txtadd(thethumbname,"thumb_",get(theid));
      mul(dst,get(plugin[get(thethumbname)].x),-1);
      div(hrafwindow,stagewidth,2);
      add(dst,dst,hrafwindow);    
      mul(allwidth,m,thedex);   
      if(allwidth LT stagewidth,set(dst,0),
      mul(allwidth,allwidth,-1);
      add(allwidth,allwidth,stagewidth);         
      if(dst GT 25,set(dst,0));
      sub(allwidth,allwidth,45);      
      if(dst LT allwidth,set(dst,get(allwidth)));      
      )       
      tween(plugin[tb_box_sc].x,get(dst),0.4,linear);
</action>
<action name="_show_tb">
      set(plugin[tb_box_sc].visible,true);
      copy(plugin[tb_select].url,plugin[thumb_%1].url);
      copy(plugin[tb_select].parent,plugin[thumb_%1].parent);
      copy(plugin[tb_select].x,plugin[thumb_%1].x);
      copy(plugin[tb_select].y,plugin[thumb_%1].y);
</action>